country,rows,first_month,last_month,environmental_articles,assigned_labels,locally_relevant_documents,minimum_monthly_local_documents,months_with_zero_environmental_articles
Albania,168,2012-01-01,2025-12-01,9771,10793,660468,1132,0
Algeria,168,2012-01-01,2025-12-01,10178,11232,475330,1284,0
Angola,168,2012-01-01,2025-12-01,7056,7897,273924,500,0
Armenia,168,2012-01-01,2025-12-01,8347,9289,1043238,3109,0
Azerbaijan,168,2012-01-01,2025-12-01,9649,10843,739103,683,0
Bangladesh,168,2012-01-01,2025-12-01,74370,93084,2840181,5232,0
Belarus,168,2012-01-01,2025-12-01,17301,19450,975181,1833,0
Benin,168,2012-01-01,2025-12-01,4050,4574,178407,132,0
Bolivia,168,2012-01-01,2025-12-01,12200,13538,326668,948,0
Brazil,168,2012-01-01,2025-12-01,46310,52345,1919563,6690,0
Burkina Faso,168,2012-01-01,2025-12-01,4020,4574,134776,394,0
Cambodia,168,2012-01-01,2025-12-01,10367,11645,185156,482,0
Cameroon,168,2012-01-01,2025-12-01,3708,4169,267177,263,0
Colombia,168,2012-01-01,2025-12-01,38981,43436,1255145,3765,0
Costa Rica,168,2012-01-01,2025-12-01,12223,13760,276714,216,0
DR Congo,168,2012-01-01,2025-12-01,14120,15881,376424,557,0
Dominican Republic,168,2012-01-01,2025-12-01,29685,33160,911243,1193,0
Ecuador,168,2012-01-01,2025-12-01,26237,28684,692769,1718,0
Egypt,168,2012-01-01,2025-12-01,72867,82322,4186764,12226,0
El Salvador,168,2012-01-01,2025-12-01,19786,21622,547566,72,0
Ethiopia,168,2012-01-01,2025-12-01,3991,4503,93313,104,1
Georgia,168,2012-01-01,2025-12-01,3677,4071,160455,45,3
Ghana,168,2012-01-01,2025-12-01,19901,22577,636798,506,0
Guatemala,168,2012-01-01,2025-12-01,11400,12433,304159,81,0
Honduras,168,2012-01-01,2025-12-01,16788,18322,562222,719,0
Hungary,168,2012-01-01,2025-12-01,16550,18475,894693,3615,0
India,168,2012-01-01,2025-12-01,315608,352085,9024682,17077,0
Indonesia,168,2012-01-01,2025-12-01,84434,93333,3528861,3210,0
Jamaica,168,2012-01-01,2025-12-01,13327,14937,367100,1149,0
Kazakhstan,168,2012-01-01,2025-12-01,5676,6216,289567,1147,0
Kenya,168,2012-01-01,2025-12-01,16718,18875,348562,518,0
Kosovo,168,2012-01-01,2025-12-01,5093,5672,435007,49,21
Kyrgyzstan,168,2012-01-01,2025-12-01,17407,19456,758844,1660,0
Liberia,168,2012-01-01,2025-12-01,4616,5239,121505,34,7
Macedonia,168,2012-01-01,2025-12-01,10342,11466,351578,222,0
Malawi,168,2012-01-01,2025-12-01,8844,9867,238791,538,0
Malaysia,168,2012-01-01,2025-12-01,52294,58204,1427699,2016,0
Mali,168,2012-01-01,2025-12-01,7584,8538,404257,179,0
Mauritania,168,2012-01-01,2025-12-01,3289,3654,128650,67,0
Mexico,168,2012-01-01,2025-12-01,72935,80016,1971298,1188,0
Moldova,168,2012-01-01,2025-12-01,6962,7778,518711,1678,0
Morocco,168,2012-01-01,2025-12-01,18262,20258,668734,1518,0
Mozambique,168,2012-01-01,2025-12-01,9994,10947,155513,401,0
Namibia,168,2012-01-01,2025-12-01,6782,7697,121880,2,12
Nepal,168,2012-01-01,2025-12-01,16804,18324,349820,15,1
Nicaragua,168,2012-01-01,2025-12-01,9615,10552,249808,540,0
Niger,168,2012-01-01,2025-12-01,2928,3294,67261,18,5
Nigeria,168,2012-01-01,2025-12-01,34715,39035,1315259,2059,0
Pakistan,168,2012-01-01,2025-12-01,60712,67010,2158462,3595,0
Panama,168,2012-01-01,2025-12-01,12690,14074,318494,617,0
Paraguay,168,2012-01-01,2025-12-01,13376,14944,475388,55,0
Peru,168,2012-01-01,2025-12-01,29072,32036,638644,144,0
Philippines,168,2012-01-01,2025-12-01,60245,65788,1096109,1007,0
Rwanda,168,2012-01-01,2025-12-01,4958,5563,159435,526,0
Senegal,168,2012-01-01,2025-12-01,4995,5630,257304,910,0
Serbia,168,2012-01-01,2025-12-01,15172,16954,632096,1099,0
Solomon Islands,168,2012-01-01,2025-12-01,2788,3104,45309,24,1
South Africa,168,2012-01-01,2025-12-01,29058,32423,764839,1139,0
South Sudan,168,2012-01-01,2025-12-01,3939,4368,135299,283,0
Sri Lanka,168,2012-01-01,2025-12-01,17889,19822,479768,1007,0
Tanzania,168,2012-01-01,2025-12-01,13512,15348,304324,515,0
Timor Leste,168,2012-01-01,2025-12-01,491,555,13505,4,56
Tunisia,168,2012-01-01,2025-12-01,9715,10842,400167,153,0
Turkey,168,2012-01-01,2025-12-01,70796,77720,3455267,5437,0
Uganda,168,2012-01-01,2025-12-01,9209,10382,232943,372,0
Ukraine,168,2012-01-01,2025-12-01,20968,23483,1568642,5221,0
Uzbekistan,168,2012-01-01,2025-12-01,14214,15854,654610,175,1
Zambia,168,2012-01-01,2025-12-01,5793,6544,217983,322,0
Zimbabwe,168,2012-01-01,2025-12-01,16629,18630,454448,244,0
