event,count,percentage
sudden-onset environmental disaster,405373,0.3561411199952207
human-induced disaster,202598,0.17799280817615312
slow-onset environmental disaster,131033,0.11511925899439221
environmental government initiatives,77336,0.06794367078209547
environmental crime,49225,0.04324670521165627
environmental legal action,43806,0.038485833793840823
environmental arrest,42165,0.03704413052817647
environmental corporate initiatives,27556,0.024209369401978674
environmental legal change,23622,0.020753147191665707
environmental protests,23427,0.020581829618963363
environmental corruption,21679,0.019046121326226437
displacement,21506,0.018894131889931533
environmental activism,20775,0.01825191063021146
environmental violence,18900,0.016604626277304288
environmental cooperation,17446,0.015327212171103206
environmental security,11790,0.010358124011080293
