year,rows,first_month,last_month,environmental_articles,assigned_labels,locally_relevant_documents,minimum_monthly_local_documents,months_with_zero_environmental_articles
2012,828,2012-01-01,2012-12-01,43152,48022,2267860,2,33
2013,828,2013-01-01,2013-12-01,54405,60351,2907182,2,20
2014,828,2014-01-01,2014-12-01,60268,67016,3185409,6,21
2015,828,2015-01-01,2015-12-01,73821,82066,3438191,5,10
2016,828,2016-01-01,2016-12-01,91510,101949,4093682,6,7
2017,828,2017-01-01,2017-12-01,102425,113471,4345686,24,5
2018,828,2018-01-01,2018-12-01,117488,130576,4748217,36,5
2019,828,2019-01-01,2019-12-01,140391,156217,4802209,32,1
2020,828,2020-01-01,2020-12-01,130286,144502,5366204,40,3
2021,828,2021-01-01,2021-12-01,161592,179818,5678567,40,1
2022,828,2022-01-01,2022-12-01,169113,188187,5029324,69,0
2023,828,2023-01-01,2023-12-01,167800,186726,4465451,57,0
2024,828,2024-01-01,2024-12-01,154208,171972,3998528,64,1
2025,828,2025-01-01,2025-12-01,177524,208323,3897350,244,1
